[{"country":"Afghanistan","region":"Southern and Central Asia","code":"AF","population":35530081,"cities":["Zorkot","Wulêswālī Bihsūd","Kuhsān"]},{"country":"Albania","region":"Southern Europe","code":"AL","population":2930187,"cities":["Xarrë","Sarandë","Mesopotam"]},{"country":"Algeria","region":"Northern Africa","code":"DZ","population":41318142,"cities":["Boumerdas","Zeribet el Oued","Zeralda"]},{"country":"American Samoa","region":"Polynesia","code":"AS","population":55641,"cities":["Aūa","Vaitogi","Vailoatai"]},{"country":"Andorra","region":"Southern Europe","code":"AD","population":76965,"cities":["Sant Julià de Lòria","Pas de la Casa","Ordino"]},{"country":"Angola","region":"Central Africa","code":"AO","population":29784193,"cities":["Saurimo","Lucapa","Lumeje"]},{"country":"Anguilla","region":"Caribbean","code":"AI","population":14909,"cities":["West End Village","The Valley","The Quarter"]},{"country":"Antarctica","region":"Antarctica","code":"AQ","population":null,"cities":[]},{"country":"Antigua and Barbuda","region":"Caribbean","code":"AG","population":102012,"cities":["Saint John’s","Potters Village","Piggotts"]},{"country":"Argentina","region":"South America","code":"AR","population":44271041,"cities":["Zárate","Yataity Calle","Yapeyú"]},{"country":"Armenia","region":"Middle East","code":"AM","population":2930450,"cities":["Zarrit’ap’","Zangakatun","Goravan"]},{"country":"Aruba","region":"Caribbean","code":"AW","population":105264,"cities":[]},{"country":"Australia","region":"Australia and New Zealand","code":"AU","population":24450561,"cities":["York","Yanchep","Yallingup"]},{"country":"Austria","region":"Western Europe","code":"AT","population":8735453,"cities":["Neu-Guntramsdorf","Kleinarl","Edelstauden"]},{"country":"Azerbaijan","region":"Middle East","code":"AZ","population":9827589,"cities":["Sharur City","Prishibinskoye","Zangilan"]},{"country":"Bahamas","region":"Caribbean","code":"BS","population":395361,"cities":["West End","Spanish Wells","San Andros"]},{"country":"Bahrain","region":"Middle East","code":"BH","population":1492584,"cities":["Sitrah","Madīnat ‘Īsá","Jidd Ḩafş"]},{"country":"Bangladesh","region":"Southern and Central Asia","code":"BD","population":164669751,"cities":["Thākurgaon","Teknāf","Tungi"]},{"country":"Barbados","region":"Caribbean","code":"BB","population":285719,"cities":["Welchman Hall","Crane","Speightstown"]},{"country":"Belarus","region":"Eastern Europe","code":"BY","population":9468338,"cities":["Indura","Skidel’","Znamenka"]},{"country":"Belgium","region":"Western Europe","code":"BE","population":11429336,"cities":["Zwijndrecht","Zwevegem","Zutendaal"]},{"country":"Belize","region":"Central America","code":"BZ","population":374681,"cities":["Shipyard","San Pedro","San Ignacio"]},{"country":"Benin","region":"Western Africa","code":"BJ","population":11175692,"cities":["Zagnanado","Tchaourou","Tanguiéta"]},{"country":"Bermuda","region":"North America","code":"BM","population":61349,"cities":[]},{"country":"Bhutan","region":"Southern and Central Asia","code":"BT","population":807610,"cities":["Wangdue Phodrang","Trongsa","Thimphu"]},{"country":"Bolivia","region":"South America","code":"BO","population":11051600,"cities":["San Pedro","San Matías","Roboré"]},{"country":"Bosnia and Herzegovina","region":"Southern Europe","code":"BA","population":3507017,"cities":["Zvornik","Živinice","Živinice"]},{"country":"Botswana","region":"Southern Africa","code":"BW","population":2291661,"cities":["Werda","Tshabong","Tsau"]},{"country":"Bouvet Island","region":"Antarctica","code":"BV","population":null,"cities":[]},{"country":"Brazil","region":"South America","code":"BR","population":209288278,"cities":["Vitorino Freire","Vitória do Mearim","Vitória de Santo Antão"]},{"country":"British Indian Ocean Territory","region":"Eastern Africa","code":"IO","population":null,"cities":[]},{"country":"Brunei","region":"Southeast Asia","code":"BN","population":428697,"cities":["Tutong"]},{"country":"Bulgaria","region":"Eastern Europe","code":"BG","population":7084571,"cities":["Beloslav","Zlatograd","Zlatitsa"]},{"country":"Burkina Faso","region":"Western Africa","code":"BF","population":19193382,"cities":["Zorgo","Zitenga","Ziniaré"]},{"country":"Burundi","region":"Eastern Africa","code":"BI","population":10864245,"cities":["Makamba","Bururi","Rumonge"]},{"country":"Cambodia","region":"Southeast Asia","code":"KH","population":16005373,"cities":["Phnom Penh","Veun Sai","Ta Khmau"]},{"country":"Cameroon","region":"Central Africa","code":"CM","population":24053727,"cities":["Yoko","Yokadouma","Yaoundé"]},{"country":"Canada","region":"North America","code":"CA","population":36624199,"cities":["Abbotsford","Acton Vale","Adstock"]},{"country":"Cape Verde","region":"Western Africa","code":"CV","population":546388,"cities":["Vila Nova Sintra","Vila do Maio","Vila da Ribeira Brava"]},{"country":"Cayman Islands","region":"Caribbean","code":"KY","population":61559,"cities":[]},{"country":"Central African Republic","region":"Central Africa","code":"CF","population":4659080,"cities":["Zemio","Ouango","Ouadda"]},{"country":"Chad","region":"Central Africa","code":"TD","population":14899994,"cities":["Iriba","Goz Béïda","Goz Beïda"]},{"country":"Chile","region":"South America","code":"CL","population":18054726,"cities":["Yumbel","Viña del Mar","Villarrica"]},{"country":"China","region":"Eastern Asia","code":"CN","population":1409517397,"cities":["Zongga","Zito","Zhowagoin"]},{"country":"Christmas Island","region":"Australia and New Zealand","code":"CX","population":2500,"cities":[]},{"country":"Cocos (Keeling) Islands","region":"Australia and New Zealand","code":"CC","population":600,"cities":[]},{"country":"Colombia","region":"South America","code":"CO","population":49065615,"cities":["Zipaquirá","Zipacón","Zetaquira"]},{"country":"Comoros","region":"Eastern Africa","code":"KM","population":813912,"cities":["Ouanani","Vouani","Vanambouani"]},{"country":"Congo","region":"Central Africa","code":"CG","population":5260750,"cities":["Sibiti","Sémbé","Pointe-Noire"]},{"country":"Cook Islands","region":"Polynesia","code":"CK","population":17380,"cities":[]},{"country":"Costa Rica","region":"Central America","code":"CR","population":4905769,"cities":["Zarcero","Zapotal","Upala"]},{"country":"Croatia","region":"Southern Europe","code":"HR","population":4189353,"cities":["Vranjic","Županja","Žumberak"]},{"country":"Cuba","region":"Caribbean","code":"CU","population":11484636,"cities":["Zaza del Medio","Yara","Yaguajay"]},{"country":"Cyprus","region":"Middle East","code":"CY","population":1179551,"cities":["Protaras","Ýpsonas","Geroskípou (quarter)"]},{"country":"Czech Republic","region":"Eastern Europe","code":"CZ","population":10618303,"cities":["Dvůr Králové nad Labem","Zvole","Žulová"]},{"country":"Denmark","region":"Nordic Countries","code":"DK","population":5733551,"cities":["Vrå","Vordingborg","Vojens"]},{"country":"Djibouti","region":"Eastern Africa","code":"DJ","population":956985,"cities":["Tadjourah","Obock","Loyada"]},{"country":"Dominica","region":"Caribbean","code":"DM","population":73925,"cities":["Woodford Hill","Wesley","Soufrière"]},{"country":"Dominican Republic","region":"Caribbean","code":"DO","population":10766998,"cities":["Yayas de Viajama","Yamasá","Yaguate"]},{"country":"East Timor","region":"Southeast Asia","code":"TP","population":1296311,"cities":[]},{"country":"Ecuador","region":"South America","code":"EC","population":16624858,"cities":["Zaruma","Zamora","Yantzaza"]},{"country":"Egypt","region":"Northern Africa","code":"EG","population":97553151,"cities":["Zefta","Toukh","Tanda"]},{"country":"El Salvador","region":"Central America","code":"SV","population":6377853,"cities":["Zaragoza","Zacatecoluca","Victoria"]},{"country":"England","region":null,"population":null,"cities":[]},{"country":"Equatorial Guinea","region":"Central Africa","code":"GQ","population":1267689,"cities":["Santiago de Baney","San Antonio de Palé","Río Campo"]},{"country":"Eritrea","region":"Eastern Africa","code":"ER","population":5068831,"cities":["Teseney","Massawa","Keren"]},{"country":"Estonia","region":"Baltic Countries","code":"EE","population":1309632,"cities":["Vändra","Võru","Voka"]},{"country":"Ethiopia","region":"Eastern Africa","code":"ET","population":104957438,"cities":["Ziway","Yirga ‘Alem","Yabēlo"]},{"country":"Falkland Islands","region":"South America","code":"FK","population":2910,"cities":[]},{"country":"Faroe Islands","region":"Nordic Countries","code":"FO","population":49290,"cities":["Vestmanna","Vágur","Tvøroyri"]},{"country":"Fiji Islands","region":"Melanesia","code":"FJ","population":905502,"cities":["Suva"]},{"country":"Finland","region":"Nordic Countries","code":"FI","population":5523231,"cities":["Ypäjä","Ylöjärvi","Ylivieska"]},{"country":"France","region":"Western Europe","code":"FR","population":64979548,"cities":["Peyrat-le-Château","Blaye","Zuydcoote"]},{"country":"French Guiana","region":"South America","code":"GF","population":282731,"cities":["Sinnamary","Saint-Laurent-du-Maroni","Saint-Georges"]},{"country":"French Polynesia","region":"Polynesia","code":"PF","population":283007,"cities":["Atuona","Rikitea","Vaitape"]},{"country":"French Southern territories","region":"Antarctica","code":"TF","population":null,"cities":[]},{"country":"Gabon","region":"Central Africa","code":"GA","population":2025137,"cities":["Tchibanga","Port-Gentil","Oyem"]},{"country":"Gambia","region":"Western Africa","code":"GM","population":2100568,"cities":["Wellingara Ba","Wassu","Toniataba"]},{"country":"Georgia","region":"Middle East","code":"GE","population":3912061,"cities":["Abastumani","Zugdidi","Zhinvali"]},{"country":"Germany","region":"Western Europe","code":"DE","population":82114224,"cities":["Zwota","Zwönitz","Zwochau"]},{"country":"Ghana","region":"Western Africa","code":"GH","population":28833629,"cities":["Yendi","Winneba","Wenchi"]},{"country":"Gibraltar","region":"Southern Europe","code":"GI","population":34571,"cities":[]},{"country":"Greece","region":"Southern Europe","code":"GR","population":11159773,"cities":["Zonianá","Zevgolateió","Zarós"]},{"country":"Greenland","region":"North America","code":"GL","population":56480,"cities":["Upernavik","Sisimiut","Qasigiannguit"]},{"country":"Grenada","region":"Caribbean","code":"GD","population":107825,"cities":["Victoria"]},{"country":"Guadeloupe","region":"Caribbean","code":"GP","population":449568,"cities":["Vieux-Habitants","Trois-Rivières","Petites Anses"]},{"country":"Guam","region":"Micronesia","code":"GU","population":164229,"cities":["Piti Village","Santa Rita Village","Sinajana Village"]},{"country":"Guatemala","region":"Central America","code":"GT","population":16913503,"cities":["Zunilito","Zunil","Zaragoza"]},{"country":"Guinea","region":"Western Africa","code":"GN","population":12717176,"cities":["Youkounkoun","Yomou","Tougué"]},{"country":"Guinea-Bissau","region":"Western Africa","code":"GW","population":1861283,"cities":["Quinhámel","Quebo","Mansôa"]},{"country":"Guyana","region":"South America","code":"GY","population":777859,"cities":["Vreed-en-Hoop","Skeldon","Rosignol"]},{"country":"Haiti","region":"Caribbean","code":"HT","population":10981229,"cities":["Verrettes","Trou du Nord","Torbeck"]},{"country":"Heard Island and McDonald Islands","region":"Antarctica","code":"HM","population":null,"cities":[]},{"country":"Holy See (Vatican City State)","region":"Southern Europe","code":"VA","population":1000,"cities":[]},{"country":"Honduras","region":"Central America","code":"HN","population":9265067,"cities":["Puerto Cortez","Zopilotepe","Zamora"]},{"country":"Hong Kong","region":"Eastern Asia","code":"HK","population":7364883,"cities":["Tsuen Wan","Yung Shue Wan","Yuen Long Kau Hui"]},{"country":"Hungary","region":"Eastern Europe","code":"HU","population":9721559,"cities":["Záhony","Zagyvarékas","Vésztő"]},{"country":"Iceland","region":"Nordic Countries","code":"IS","population":335025,"cities":["Siglufjörður","Sauðárkrókur","Neskaupstaður"]},{"country":"India","region":"Southern and Central Asia","code":"IN","population":1339180127,"cities":["Thang","Pūnch","Keelakarai"]},{"country":"Indonesia","region":"Southeast Asia","code":"ID","population":263991379,"cities":["Ujung Gading","Ujungbatu","Tualangcut"]},{"country":"Iran","region":"Southern and Central Asia","code":"IR","population":81162788,"cities":["Shahrak","Alvand","Āzādshahr"]},{"country":"Iraq","region":"Middle East","code":"IQ","population":38274618,"cities":["Zāwītah","Zaxo","Umm Qaşr"]},{"country":"Ireland","region":"British Isles","code":"IE","population":4761657,"cities":["Buncrana","Youghal","Wicklow"]},{"country":"Israel","region":"Middle East","code":"IL","population":8321570,"cities":["Jerusalem","Har Adar","Modi‘in Makkabbim Re‘ut"]},{"country":"Italy","region":"Southern Europe","code":"IT","population":59359900,"cities":["Zumpano","Zerfaliu","Zeddiani"]},{"country":"Ivory Coast","region":"Western Africa","code":"CI","population":24294750,"cities":["Zuénoula","Zoukougbeu","Zouan-Hounien"]},{"country":"Jamaica","region":"Caribbean","code":"JM","population":2890299,"cities":["Yallahs","Williamsfield","Wakefield"]},{"country":"Japan","region":"Eastern Asia","code":"JP","population":127484450,"cities":["Shingū","Atsugi","Akashi"]},{"country":"Jordan","region":"Middle East","code":"JO","population":9702353,"cities":["Zaḩar","Yarqā","Waqqāş"]},{"country":"Kazakhstan","region":"Southern and Central Asia","code":"KZ","population":18204499,"cities":["Zhumysker","Zhetibay","Zhanaozen"]},{"country":"Kenya","region":"Eastern Africa","code":"KE","population":49699862,"cities":["Yala","Wundanyi","Wote"]},{"country":"Kiribati","region":"Micronesia","code":"KI","population":116398,"cities":["Teaoraereke Village","Rawannawi Village","Buota Village"]},{"country":"Kuwait","region":"Middle East","code":"KW","population":4136528,"cities":["Janūb as Surrah","Ḩawallī","Bayān"]},{"country":"Kyrgyzstan","region":"Southern and Central Asia","code":"KG","population":6045117,"cities":["Tayan","Suluktu","Kyzyl-Eshme"]},{"country":"Laos","region":"Southeast Asia","code":"LA","population":6858160,"cities":["Vientiane","Xam Nua","Savannakhét"]},{"country":"Latvia","region":"Baltic Countries","code":"LV","population":1949670,"cities":["Valmiera","Zilupe","Zelmeņi"]},{"country":"Lebanon","region":"Middle East","code":"LB","population":6082357,"cities":["Zghartā","Zahlé","Tripoli"]},{"country":"Lesotho","region":"Southern Africa","code":"LS","population":2233339,"cities":["Teyateyaneng","Quthing","Qacha’s Nek"]},{"country":"Liberia","region":"Western Africa","code":"LR","population":4731906,"cities":["Zwedru","New Yekepa","Voinjama"]},{"country":"Libyan Arab Jamahiriya","region":"Northern Africa","code":"LY","population":5605000,"cities":["Al Bardīyah","Tobruk","Qaryat Sulūq"]},{"country":"Liechtenstein","region":"Western Europe","code":"LI","population":37922,"cities":["Vaduz","Triesenberg","Triesen"]},{"country":"Lithuania","region":"Baltic Countries","code":"LT","population":2890297,"cities":["Žiežmariai","Žemaičių Naumiestis","Zarasai"]},{"country":"Luxembourg","region":"Western Europe","code":"LU","population":583455,"cities":["Wormeldange","Winseler","Wincrange"]},{"country":"Macao","region":"Eastern Asia","code":"MO","population":473000,"cities":[]},{"country":"North Macedonia","region":"Southern Europe","code":"MK","population":2024000,"cities":["Zrnovci","Zletovo","Žitoše"]},{"country":"Madagascar","region":"Eastern Africa","code":"MG","population":25570895,"cities":["Toamasina","Vondrozo","Vohipaho"]},{"country":"Malawi","region":"Eastern Africa","code":"MW","population":18622104,"cities":["Karonga","Chitipa","Zomba"]},{"country":"Malaysia","region":"Southeast Asia","code":"MY","population":31624264,"cities":["Padang Mat Sirat","Ayer Hangat","Kuah"]},{"country":"Maldives","region":"Southern and Central Asia","code":"MV","population":436330,"cities":["Meedhoo","Male","Hithadhoo"]},{"country":"Mali","region":"Western Africa","code":"ML","population":18541980,"cities":["Youwarou","Yorosso","Yélimané"]},{"country":"Malta","region":"Southern Europe","code":"MT","population":430835,"cities":["Marsaxlokk","Żurrieq","Żejtun"]},{"country":"Marshall Islands","region":"Micronesia","code":"MH","population":53127,"cities":["Likiep","Jabor","Ailuk"]},{"country":"Martinique","region":"Caribbean","code":"MQ","population":384896,"cities":["Saint-Pierre","Saint-Joseph","Sainte-Marie"]},{"country":"Mauritania","region":"Western Africa","code":"MR","population":4420184,"cities":["Zouerate","Tékane","Tidjikja"]},{"country":"Mauritius","region":"Eastern Africa","code":"MU","population":1265138,"cities":["Verdun","Vacoas","Triolet"]},{"country":"Mayotte","region":"Eastern Africa","code":"YT","population":253045,"cities":["Pamandzi","Mamoudzou","Dzaoudzi"]},{"country":"Mexico","region":"Central America","code":"MX","population":129163276,"cities":["Cuauhtémoc","González","Santa Martha"]},{"country":"Micronesia, Federated States of","region":"Micronesia","code":"FM","population":null,"cities":["Weno","Tofol","Palikir - National Government Center"]},{"country":"Moldova","region":"Eastern Europe","code":"MD","population":4051212,"cities":["Tiraspolul Nou","Edineţ","Iargara"]},{"country":"Monaco","region":"Western Europe","code":"MC","population":38695,"cities":[]},{"country":"Mongolia","region":"Eastern Asia","code":"MN","population":3075647,"cities":["Uyenchi Somon","Uujim","Urdgol"]},{"country":"Montserrat","region":"Caribbean","code":"MS","population":5177,"cities":[]},{"country":"Morocco","region":"Northern Africa","code":"MA","population":35739580,"cities":["Smara","Zoumi","Zinat"]},{"country":"Mozambique","region":"Eastern Africa","code":"MZ","population":29668834,"cities":["Xai-Xai","Dondo","Macia"]},{"country":"Myanmar","region":"Southeast Asia","code":"MM","population":53370609,"cities":["Yenangyaung","Nyaungdon","Yamethin"]},{"country":"Namibia","region":"Southern Africa","code":"NA","population":2533794,"cities":["Katima Mulilo","Bagani","Windhoek"]},{"country":"Nauru","region":"Micronesia","code":"NR","population":11359,"cities":["Yangor","Uaboe","Baiti"]},{"country":"Nepal","region":"Southern and Central Asia","code":"NP","population":29304998,"cities":["Wāliṅ","Tulsīpur","Ṭikāpur"]},{"country":"Netherlands","region":"Western Europe","code":"NL","population":17035938,"cities":["Zwolle","Zwijndrecht","Zwaanshoek"]},{"country":"Netherlands Antilles","region":"Caribbean","code":"AN","population":217000,"cities":[]},{"country":"New Caledonia","region":"Melanesia","code":"NC","population":276255,"cities":["Yaté-Barrage","Wé","Wala"]},{"country":"New Zealand","region":"Australia and New Zealand","code":"NZ","population":4705818,"cities":["Woodend","Whitianga","Whangamata"]},{"country":"Nicaragua","region":"Central America","code":"NI","population":6217581,"cities":["Yalagüina","Wiwilí","Waspán"]},{"country":"Niger","region":"Western Africa","code":"NE","population":21477348,"cities":["Birnin Gaouré","Birni N Konni","Zinder"]},{"country":"Nigeria","region":"Western Africa","code":"NG","population":190886311,"cities":["Zuru","Zurmi","Zungeru"]},{"country":"Niue","region":"Polynesia","code":"NU","population":1618,"cities":[]},{"country":"Norfolk Island","region":"Australia and New Zealand","code":"NF","population":2000,"cities":[]},{"country":"North Korea","region":"Eastern Asia","code":"KP","population":25490965,"cities":["Yonggang-ŭp","Yŏngbyŏn","Yŏnan-ŭp"]},{"country":"Northern Ireland","region":null,"code":"GB","population":null,"cities":["Ystrad Mynach","Ystradgynlais","Ystalyfera"]},{"country":"Northern Mariana Islands","region":"Micronesia","code":"MP","population":55144,"cities":[]},{"country":"Norway","region":"Nordic Countries","code":"NO","population":5305383,"cities":["Vardø","Vuonnabahta","Vadsø"]},{"country":"Oman","region":"Middle East","code":"OM","population":4636262,"cities":["Sur","Sohar","Sufālat Samā’il"]},{"country":"Pakistan","region":"Southern and Central Asia","code":"PK","population":197015955,"cities":["Chuhar Jamali","Timargara","Rawala Kot"]},{"country":"Palau","region":"Micronesia","code":"PW","population":21729,"cities":["Koror","Ulimang","Melekeok Village"]},{"country":"Palestine","region":"Middle East","code":"PS","population":4920724,"cities":["Shūkat aş Şūfī","Rafaḩ","An Nuşayrāt"]},{"country":"Panama","region":"Central America","code":"PA","population":4098587,"cities":["Zapotillo","Zangüengas","Yaviza"]},{"country":"Papua New Guinea","region":"Melanesia","code":"PG","population":8251162,"cities":["Wewak","Wau","Wabag"]},{"country":"Paraguay","region":"South America","code":"PY","population":6811297,"cities":["Yuty","Ypacarai","Yhú"]},{"country":"Peru","region":"South America","code":"PE","population":32165485,"cities":["Zorritos","Yurimaguas","Yuracyacu"]},{"country":"Philippines","region":"Southeast Asia","code":"PH","population":104918090,"cities":["Zumarraga","Zarraga","Zaragoza"]},{"country":"Pitcairn","region":"Polynesia","code":"PN","population":50,"cities":[]},{"country":"Poland","region":"Eastern Europe","code":"PL","population":38170712,"cities":["Żyrzyn","Żyrardów","Żyraków"]},{"country":"Portugal","region":"Southern Europe","code":"PT","population":10329506,"cities":["Zambujeira do Mar","Vimeiro","Vila Viçosa"]},{"country":"Puerto Rico","region":"Caribbean","code":"PR","population":3663131,"cities":["Aceitunas","Adjuntas","Aguada"]},{"country":"Qatar","region":"Middle East","code":"QA","population":2639211,"cities":["Umm Şalāl Muḩammad","Wakra","Doha"]},{"country":"Reunion","region":"Eastern Africa","code":"RE","population":699000,"cities":["Les Trois-Bassins","Salazie","Saint-Pierre"]},{"country":"Romania","region":"Eastern Europe","code":"RO","population":19679306,"cities":["Ghioca","Zvoriştea","Zorlenţu Mare"]},{"country":"Russian Federation","region":"Eastern Europe","code":"RU","population":143989754,"cities":["Udomlya","Sosnovka","Sasovo"]},{"country":"Rwanda","region":"Eastern Africa","code":"RW","population":12208407,"cities":["Rwamagana","Musanze","Nzega"]},{"country":"Saint Helena","region":"Western Africa","code":"SH","population":4049,"cities":[]},{"country":"Saint Kitts and Nevis","region":"Caribbean","code":"KN","population":55345,"cities":["Trinity","Sandy Point Town","Saint Paul’s"]},{"country":"Saint Lucia","region":"Caribbean","code":"LC","population":178844,"cities":["Vieux Fort","Soufrière","Praslin"]},{"country":"Saint Pierre and Miquelon","region":"North America","code":"PM","population":6320,"cities":[]},{"country":"Saint Vincent and the Grenadines","region":"Caribbean","code":"VC","population":109897,"cities":["Port Elizabeth","Layou","Kingstown"]},{"country":"Samoa","region":"Polynesia","code":"WS","population":196440,"cities":["Vaiusu","Vailima","Vailoa"]},{"country":"San Marino","region":"Southern Europe","code":"SM","population":33400,"cities":["Serravalle","San Marino","Poggio di Chiesanuova"]},{"country":"Sao Tome and Principe","region":"Central Africa","code":"ST","population":204327,"cities":[]},{"country":"Saudi Arabia","region":"Middle East","code":"SA","population":32938213,"cities":["Yanbu","Unayzah","Umm Lajj"]},{"country":"Scotland","region":null,"population":null,"cities":[]},{"country":"Senegal","region":"Western Africa","code":"SN","population":15850567,"cities":["Ziguinchor","Vélingara","Touba"]},{"country":"Seychelles","region":"Eastern Africa","code":"SC","population":94737,"cities":["Victoria","Takamaka","Port Glaud"]},{"country":"Sierra Leone","region":"Western Africa","code":"SL","population":7557212,"cities":["Zimmi","Yonibana","Yengema"]},{"country":"Singapore","region":"Southeast Asia","code":"SG","population":5708844,"cities":[]},{"country":"Slovakia","region":"Eastern Europe","code":"SK","population":5447662,"cities":["Žehra","Ždiar","Vysoké Tatry"]},{"country":"Slovenia","region":"Southern Europe","code":"SI","population":2079976,"cities":["Žužemberk","Žirovnica","Žiri"]},{"country":"Solomon Islands","region":"Melanesia","code":"SB","population":611343,"cities":["Tulagi","Honiara"]},{"country":"Somalia","region":"Eastern Africa","code":"SO","population":14742523,"cities":["Yeed","Xuddur","Xarardheere"]},{"country":"South Africa","region":"Southern Africa","code":"ZA","population":56717156,"cities":["Roodepoort","Zoar","Zeerust"]},{"country":"South Georgia and the South Sandwich Islands","region":"Antarctica","code":"GS","population":null,"cities":[]},{"country":"South Korea","region":"Eastern Asia","code":"KR","population":50982212,"cities":["Heunghae","Yeonil","Neietsu"]},{"country":"South Sudan","region":"Eastern Africa","code":"SS","population":12575714,"cities":["Yirol","Yei","Yambio"]},{"country":"Spain","region":"Southern Europe","code":"ES","population":46354321,"cities":["Zurgena","Zújar","Zuheros"]},{"country":"SriLanka","region":null,"population":20876917,"cities":[]},{"country":"Sudan","region":"Northern Africa","code":"SD","population":40533330,"cities":["Dongola","Zalingei","Wagar"]},{"country":"Suriname","region":"South America","code":"SR","population":563402,"cities":["Wageningen","Totness","Paramaribo"]},{"country":"Svalbard and Jan Mayen","region":"Nordic Countries","code":"SJ","population":3200,"cities":[]},{"country":"Swaziland","region":"Southern Africa","code":"SZ","population":1008000,"cities":["Tshaneni","Siteki","Sidvokodvo"]},{"country":"Sweden","region":"Nordic Countries","code":"SE","population":9910701,"cities":["Viken","Ursviken","Umeå"]},{"country":"Switzerland","region":"Western Europe","code":"CH","population":8476005,"cities":["Zwingen","Zweisimmen","Zuzwil"]},{"country":"Syria","region":"Middle East","code":"SY","population":18269868,"cities":["‘Ayn Ḩalāqīm","Al Karāmah","‘Arīqah"]},{"country":"Tajikistan","region":"Southern and Central Asia","code":"TJ","population":8921343,"cities":["Yovon","Vose’","Vorukh"]},{"country":"Tanzania","region":"Eastern Africa","code":"TZ","population":57310019,"cities":["Zanzibar","Wete","Vwawa"]},{"country":"Thailand","region":"Southeast Asia","code":"TH","population":69037513,"cities":["Don Sak","Thung Sai","Tham Phannara"]},{"country":"The Democratic Republic of Congo","region":null,"code":"CD","population":null,"cities":["Yangambi","Watsa","Wamba"]},{"country":"Togo","region":"Western Africa","code":"TG","population":7797694,"cities":["Vogan","Tsévié","Tchamba"]},{"country":"Tokelau","region":"Polynesia","code":"TK","population":1300,"cities":[]},{"country":"Tonga","region":"Polynesia","code":"TO","population":108020,"cities":["Vaini"]},{"country":"Trinidad and Tobago","region":"Caribbean","code":"TT","population":1369125,"cities":["Tunapuna","Tabaquite","Siparia"]},{"country":"Tunisia","region":"Northern Africa","code":"TN","population":11532127,"cities":["Matmata","Zaouiat Djedidi","Zahānah"]},{"country":"Turkey","region":"Middle East","code":"TR","population":80745020,"cities":["Demre","Zeytinliova","Zeytindağ"]},{"country":"Turkmenistan","region":"Southern and Central Asia","code":"TM","population":5758075,"cities":["Balkanabat","Kaka","Serdar"]},{"country":"Turks and Caicos Islands","region":"Caribbean","code":"TC","population":35446,"cities":[]},{"country":"Tuvalu","region":"Polynesia","code":"TV","population":11192,"cities":["Toga Village","Tanrake Village"]},{"country":"Uganda","region":"Eastern Africa","code":"UG","population":42862958,"cities":["Zombo","Yumbe","Wobulenzi"]},{"country":"Ukraine","region":"Eastern Europe","code":"UA","population":44222947,"cities":["Olenevka","Urzuf","Lebedyn"]},{"country":"United Arab Emirates","region":"Middle East","code":"AE","population":9400145,"cities":["Umm al Qaywayn","Ras al-Khaimah","Muzayri‘"]},{"country":"United Kingdom","region":"British Isles","code":"GB","population":66181585,"cities":["Ystrad Mynach","Ystradgynlais","Ystalyfera"]},{"country":"United States","region":"North America","code":"US","population":324459463,"cities":["Bay Minette","Edna","Bayou La Batre"]},{"country":"United States Minor Outlying Islands","region":"Micronesia/Caribbean","code":"UM","population":null,"cities":[]},{"country":"Uruguay","region":"South America","code":"UY","population":3456750,"cities":["Young","Villa Sara","Villa del Carmen"]},{"country":"Uzbekistan","region":"Southern and Central Asia","code":"UZ","population":31910641,"cities":["Nukus","Mŭynoq","Qanliko‘l"]},{"country":"Vanuatu","region":"Melanesia","code":"VU","population":276244,"cities":["Sola","Port-Vila"]},{"country":"Venezuela","region":"South America","code":"VE","population":31977065,"cities":["La Asunción","Caricuao","Tocuyito"]},{"country":"Vietnam","region":"Southeast Asia","code":"VN","population":95540800,"cities":["Yên Vinh","Yên Thành","Yên Ninh"]},{"country":"Wallis and Futuna","region":"Polynesia","code":"WF","population":11773,"cities":[]},{"country":"Western Sahara","region":"Northern Africa","code":"EH","population":552628,"cities":[]},{"country":"Yemen","region":"Middle East","code":"YE","population":28250420,"cities":["Daḩasuways","Ash Shiḩr","Al Ghaylah"]},{"country":"Yugoslavia","region":"Southern Europe","code":"YU","population":10640000,"cities":[]},{"country":"Zambia","region":"Eastern Africa","code":"ZM","population":17094130,"cities":["Nchelenge","Nakonde","Mpulungu"]},{"country":"Zimbabwe","region":"Eastern Africa","code":"ZW","population":16529904,"cities":["Zvishavane","Victoria Falls","Shurugwi"]}]